id,Category,Subcategary,level,cmd,act,prompt,enable,Explanation,rate,Examples,,,,,
1,English Learning,General tasks,(0-1),单词释义和例句(0-1),单词释义和例句,给出单词“[word]”的定义（先英文，后接中文翻译）和例句（先英文，后接中文翻译）。,,,,,,,,,
2,English Learning,General tasks,(0-2),单词搭配和例句(0-2),单词搭配和例句,给出单词“[word]”的常见搭配（先英文，后接中文翻译）和例句（先英文，后接中文翻译）。,,,,,,,,,
3,English Learning,General tasks,(0-3),英汉/汉英翻译(0-3),英汉/汉英翻译,把后面的文本翻译为[英语/汉语]: [text]。,,,,,,,,,
4,English Learning,General tasks,(0-4),用中英文回答问题(0-4),用中英文回答问题,[prompt]用英语和汉语回应。,,,,,,,,,
5,English Learning,General tasks,(0-5) ,长难句分析(0-5) ,长难句分析及难词释义,分析下面的句子的句子结构，用表格的形式展示，最后给出中文翻译和难词释义：[句子],,,,,,,,,
6,English Learning,General tasks,(0-6-1-a),扩展词汇量(题目)(0-6-1-a),列出与雅思作文题目相关的学术词汇,List [number] academic words or collocations which might be used in an IELTS essay for the following writing prompt: [prompt],,,,,,,,,
7,,,(0-6-1-c),扩展词汇量(题目)(0-6-1-c),用上面的学术词汇造句,"give one English example sentence for each of the above, followed by their Chinese translation.",,,,,,,,,
8,,,(0-6-1-d),扩展词汇量(题目)(0-6-1-d),使用上面的学术词汇写一篇雅思范文,"Write a model IELTS essay using the above words/collocations to the above prompt, labeling the above words/collocations with []",,,,,,,,,
9,English Learning,General tasks,(0-6-2-a) ,扩展词汇量(话题)(0-6-2-a) ,列出雅思写作常见话题及子话题,List common topics and subtopics of IELTS writing task two.,,,,,,,,,
10,English Learning,General tasks,(0-6-2-b),扩展词汇量(话题)(0-6-2-b),列出与雅思作文常见的子话题相关的学术词汇,"List [number] academic words or collocations related to the subtopic ""[subtopic ]"", followed with their Chinese translation.",,,,,,,,,
11,English Learning,General tasks,(0-6-2-c) ,扩展词汇量(话题)(0-6-2-c) ,用上面的学术词汇造句,"Give one English example sentence for each of the above , followed by their Chinese translation.",,,,,,,,,
12,,General tasks,(0-6-3-a),创建练习题(0-6-3-a),创建练习题(步骤1：列出话题相关学术类词汇),"List [number] academic words or collocations related to the subtopic ""[subtopic ]"", followed with their Chinese translation.",,,,,,,,,
13,,General tasks,(0-6-3-b),创建练习题(0-6-3-b),创建练习题(步骤2：创建练习题),Create a multiple choice quiz and fill-in-the-blank quiz for the above words/collocations.,,,,,,,,,
14,,,(0-7),学习计划(0-7),制定学习计划,Create a one-week study plan for IELTS writing，I have 30 minutes every day to study.,,,,,,,,,
15,English Learning,General tasks,(1-1) ,写雅思范文(1-1) ,给指定的雅思题目写范文,Write a model IELTS essay to the following prompt: [prompt],,,,,,,,,
16,,General tasks,(1-2) ,写雅思作文提纲(1-2) ,给指定的雅思题目写提纲,Write an outline to the following IELTS writing prompt: [prompt],,,,,,,,,
17,,General tasks,(1-3) ,写雅思范文(提纲)(1-3) ,给指定的雅思题目并按指定提纲写雅思范文,"Write a model IELTS essay to the following IELTS writing prompt and according to the following outline:
prompt: [prompt]
outline: [outline]",,,,,,,,,
18,,,(1-4),写雅思范文(给定立场)(1-4),以指定的立场写雅思范文,Write a model IELTS essay to the following prompt with the position that [position]:  [prompt],,,,,,,,,
19,English Learning,Exam writing,(1-5),学术风格(1-5),用更学术的风格改写,Rewrite it in a more academic style,,,,,,,,,
20,English Learning,Exam writing,(1-6),其他风格(1-6),用某作家/杂志/报纸的风格改写,Rewrite it in the style of [writer/magazine/newspaper],,,,,,,,,
21,English Learning,Exam writing,(1-7),词汇升级/降级(1-7),用更高级/简单的词汇改写,Rewrite it using more advanced/simplified language,,,,,,,,,
22,,,(2-1),产生idea:优劣(2-1),列出某现象/趋势的优点和缺点,List the benefits and drawbacks of [trend/phenomenon],,,,,,,,,
23,,,(2-2),产生idea:理由(2-2),列出支持和反对某观点的理由,List the arguments for and against the opinion that [opinion],,,,,,,,,
24,,,(2-3),产生idea:原因和解决方法(2-3),列出某问题/现象的原因和解决方法,List the causes of and solutions to the issue/phenomenon that [issue/phenomenon],,,,,,,,,
25,,,(2-4),论点的解释(2-4),论点的解释，扩展和支持,"Explain, extend and support the idea: [idea]",,,,,,,,,
26,,,(2-5),论点的举例论证(2-5),论点的举例论证,Use an example to support the idea: [idea],,,,,,,,,
27,,,(3-1),同义改写(3-1),同义改写表达和句子,List [n] ways to rephrase/rewrite : [expression/sentence],,,,,,,,,
28,,,(4-1-a),语法/拼写检查纠错(4-1-a),语法/拼写检查纠错,"Identify, explain and correct the grammar/spelling errors in the following text : [text]",,,,,,,,,
29,,,(4-1-b),语法/拼写检查纠错(表格)(4-1-b),以表格形式进行语法/拼写检查纠错,"Identify, explain and correct the grammar/spelling errors in the format of table in the following text : [text]",,,,,,,,,
30,,,(4-2),文本润色(4-2),文本润色,Polish the following text: [text],,,,,,,,,
31,,,(4-3),文本插入(4-3),文本插入,Insert content in the bracket in the following text:  [before-text] () [after-text],,,,,,,,,
32,,,(4-4),文本词汇多样性提升(4-4),文本词汇多样性提升,Rewrite the following text using a wider range of vocabulary : [text],,,,,,,,,
33,,,(4-5),文本连贯衔接提升(4-5),文本连贯衔接提升,Improve the coherence and cohesion in the following text: [text],,,,,,,,,
34,,,(4-6),文本句型多样性提升(4-6),文本句型多样性提升,Rewrite the following text using a wider range of complex sentence structure: [text],,,,,,,,,
35,,,(4-7),作文分项批改(4-7),"按照雅思官方评分标准对作文分项批改
","Act as an IELTS examiner, and rate the following IELTS essay, please point out its problems in categories of Task Response, Coherence and cohesion, Lexical resource, and Grammatical Range and Accuracy; and give corresponding corrections and improvements; and a band score from 0~9: [essay]
",,,,,,,,,
36,,,(5-1),(2+1)开始段(5-1),用2+1框架写雅思大作文开始段,"This is an IELTS writing prompt:
[prompt]

Now you need to write a two-sentence, around 40-word introduction as per the template below:
[template]",,,,,,,,,
37,,,(5-2),(2+1)主体段(5-2),用2+1框架写雅思大作文主体段,"Below is an introduction of an IELTS essay: 
[introduction]
Now, write two body paragraphs according to the following template:
[template]",,,,,,,,,
38,,,(5-3),(2+1)结尾段(5-3),用2+1框架写雅思大作文结尾段,"Below is an introduction and body of an IELTS essay: 
“[introduction + body]”
Now, write a one-sentence conclusion summarizing the main ideas and restate the position if applicable.",,,,,,,,,
39,,,(5-4),(2+1)全文(5-4),用2+1框架写雅思大作文全文,"This is an IELTS writing prompt:
[prompt]
Now, write an essay according to the following template:
[template]",,,,,,,,,
40,,,(6-1),阅读:疑难词句解释(6-1),阅读:文章疑难词句解释(中英对照),Explain what “[word/expression/sentence]”means in the following article in both English and Chinese: [article],,,,,,,,,
41,,,(6-2),阅读:疑难单词/词组列表释义(6-2),阅读:疑难单词/词组列表释义(中英对照),Prepare vocabulary notes explaining words and phrases that might be difficult for intermediate learners of English to understand in the following article in both English and Chinese : [article],,,,,,,,,
42,,,(6-3),阅读:文章翻译(6-3),文章翻译,Translate the following article into Chinese： [article],,,,,,,,,
43,,,(6-4),阅读:文章逐句难词释义和整句翻译(6-4),阅读:文章逐句难词释义和整句翻译,"Display the following article sentence by sentence. First show the English sentence, then the vocabulary notes in Chinese for difficult words and phrases in that sentence, and finally the Chinese translation of that sentence. Do this for the entire article ： [article]",,,,,,,,,
44,,,(7-1~3),口语Part 1/2/3问题(7-1~3),雅思口语Part 1/2/3问题,"Act as a Chinese IELTS candidate sitting in the speaking test,  please answer the following questions in English. The speaking time should be around 3~4 minutes.
[Part 1/2/3 questions]",,,,,,,,,
45,,,(7-4),定制化回答雅思口语问题(7-4),定制化回答雅思口语问题,"Act as a Chinese IELTS candidate sitting in the speaking test,  please answer the following question in English with requirements below. The speaking time should be around [n] minutes.
question : [question]
requirements : [requirements]",,,,,,,,,
46,,,(7-5-a),雅思口语语音对练(作为考生)(7-5-a),雅思口语语音对练(作为考生),"Act as an IELTS speaking examiner, I am the candidate. You will ask me some common IELTS speaking questions, one question each time. Now please ask me the first question.",,,,,,,,,
47,,,(7-5-b),雅思口语语音对练(作为考官)(7-5-b),雅思口语语音对练(作为考官),"Act as an IELTS candidate sitting for the speaking test, assume [your profile]. I am the examiner , and I will ask you some questions one by one; please try your best to answer them. The first question is : [question]",,,,,,,,,
48,,,,,,,,,,,,,,,
49,,,,,,,,,,,,,,,
50,,,,,,,,,,,,,,,
49,,,,,,,,,,,,,,,
50,,,,,,,,,,,,,,,
51,,,,,,,,,,,,,,,
50,,,,,,,,,,,,,,,
51,,,,,,,,,,,,,,,
52,,,,,,,,,,,,,,,
53,,,,,,,,,,,,,,,
54,,,,,,,,,,,,,,,
55,,,,,,,,,,,,,,,
56,,,,,,,,,,,,,,,
57,,,,,,,,,,,,,,,
58,,,,,,,,,,,,,,,
